Game,Year,Genre,Publisher,North_America_Sales_M$,Europe_Sales_M$,Japan_Sales_M$,Other_Sales_M$,Global_Sales_M$
Grand Theft Auto V,2016,Action,Rockstar Games,6.06,9.71,0.6,3.02,19.39
Call of Duty: Black Ops 3,2017,Shooter,Activision,6.18,6.05,0.41,2.44,15.09
Red Dead Redemption 2,2020,Action-Adventure,Rockstar Games,5.26,6.21,0.21,2.26,13.94
Call of Duty: WWII,2019,Shooter,Activision,4.67,6.21,0.4,2.12,13.4
FIFA 18,2019,Sports,EA Sports,1.27,8.64,0.15,1.73,11.8
FIFA 17,2018,Sports,Electronic Arts,1.26,7.95,0.12,1.61,10.94
Uncharted (PS4),2018,Action,Sony Interactive Entertainment,4.49,3.93,0.21,1.7,10.33
Spider-Man (PS4),2020,Action-Adventure,Sony Interactive Entertainment,3.64,3.39,0.32,1.41,8.76
Call of Duty: Infinite Warfare,2018,Shooter,Activision,3.11,3.83,0.19,1.36,8.48
Fallout 4,2017,Role-Playing,Bethesda Softworks,2.91,3.97,0.27,1.34,8.48
FIFA 16,2017,Sports,EA Sports,1.15,5.77,0.07,1.23,8.22
Star Wars Battlefront 2017,2017,Shooter,Electronic Arts,3.31,3.19,0.23,1.3,8.03
Call of Duty: Advanced Warfare,2016,Shooter,Activision,2.84,3.34,0.14,1.22,7.53
Battlefield 1,2018,Shooter,Electronic Arts,2.2,3.65,0.29,1.12,7.26
The Last of Us,2016,Action-Adventure,Sony Computer Entertainment,2.7,2.86,0.11,1.1,6.77
MineCraft,2016,Misc,Sony Computer Entertainment,1.89,3.13,0.35,0.96,6.33
FIFA 15,2016,Sports,EA Sports,0.83,4.49,0.05,0.94,6.32
God of War (PS4),2020,Action,Sony Interactive Entertainment,2.83,2.17,0.13,1.02,6.15
Horizon: Zero Dawn,2019,Action,Sony Interactive Entertainment,2.2,2.43,0.28,0.92,5.82
Destiny,2016,Shooter,Activision,2.53,2.13,0.16,0.94,5.76
Uncharted: The Nathan Drake Collection,2017,Action,Sony Computer Entertainment,2.55,2.11,0.1,0.94,5.7
The Witcher 3: Wild Hunt,2017,Role-Playing,Namco Bandai Games,1.48,2.82,0.28,0.81,5.39
Final Fantasy XV,2018,Role-Playing,Square Enix,1.81,1.53,1.05,0.68,5.07
Crash Bandicoot N. Sane Trilogy,2019,Platform,Activision,1.09,2.92,0.07,0.74,4.83
Monster Hunter: World,2020,Action,Capcom,1.03,1.06,2.17,0.42,4.67
Overwatch,2018,Shooter,Blizzard Entertainment,1.84,1.8,0.17,0.73,4.54
Star Wars Battlefront II (2019),2019,Shooter,Electronic Arts,1.7,1.99,0.12,0.73,4.53
Tom Clancy's The Division,2018,Shooter,Ubisoft,1.49,2.04,0.16,0.69,4.37
Tom Clancy's Rainbow Six: Siege,2017,Shooter,Ubisoft,1.29,2.06,0.36,0.64,4.36
Watch Dogs,2016,Action-Adventure,Ubisoft,1.4,2.13,0.11,0.68,4.32
Call of Duty: Ghosts,2015,Shooter,Activision,1.79,1.64,0.05,0.69,4.17
Assassin's Creed: Unity,2016,Action,Ubisoft,1.25,2.16,0.09,0.65,4.14
Destiny 2,2019,Shooter,Activision,1.92,1.44,0.1,0.69,4.14
Batman: Arkham Knight,2017,Action,Warner Bros. Interactive,1.65,1.68,0.11,0.66,4.11
Assassin's Creed Origins,2019,Action,Ubisoft,1.22,2.11,0.11,0.63,4.06
Far Cry 4,2016,Shooter,Ubisoft,1.18,2.14,0.11,0.63,4.06
NBA 2K16,2017,Sports,2K Sports,2.56,0.66,0.05,0.71,3.98
Far Cry 5,2020,Action,Ubisoft,1.44,1.73,0.15,0.62,3.95
Battlefield 4,2015,Shooter,Electronic Arts,1.4,1.74,0.19,0.62,3.94
Gran Turismo Sport,2019,Racing,Sony Interactive Entertainment,0.63,2.35,0.24,0.54,3.77
Assassin's Creed Syndicate,2017,Action,Ubisoft,0.9,2.06,0.08,0.55,3.6
NBA 2K17,2018,Sports,2K Sports,2.28,0.59,0.03,0.63,3.52
Mortal Kombat X,2017,Fighting,Warner Bros. Interactive Entertainment,1.94,0.94,0,0.61,3.49
FIFA Soccer 14,2015,Sports,EA Sports,0.62,2.18,0.12,0.51,3.43
The Elder Scrolls V: Skyrim,2018,Role-Playing,Bethesda Softworks,1.24,1.5,0.08,0.54,3.36
Watch Dogs 2,2018,Action,Ubisoft,0.98,1.74,0.12,0.52,3.36
NBA 2K18,2019,Sports,2K Sports,2.13,0.57,0.04,0.59,3.34
Resident Evil VII: Biohazard,2019,Action,Capcom,0.88,1.56,0.41,0.46,3.31
Madden NFL 16,2017,Sports,EA Sports,2.39,0.31,0,0.61,3.3
Madden NFL 17,2018,Sports,EA Sports,2.3,0.37,0,0.6,3.28
Middle-Earth: Shadow of Mordor,2016,Action,Warner Bros. Interactive Entertainment,1.03,1.6,0.05,0.51,3.19
Assassin's Creed IV: Black Flag,2015,Action-Adventure,Ubisoft,1.07,1.55,0.06,0.51,3.19
Tom Clancy's Ghost Recon Wildlands,2019,Shooter,Ubisoft,1.07,1.35,0.22,0.47,3.12
Bloodborne,2017,Role-Playing,Sony Computer Entertainment,1.3,1.05,0.28,0.48,3.11
Metal Gear Solid V: The Phantom Pain,2017,Action,Konami Digital Entertainment,0.97,1.15,0.5,0.42,3.04
Killzone: Shadow Fall,2015,Shooter,Sony Computer Entertainment,0.89,1.58,0.08,0.47,3.02
inFAMOUS: Second Son,2016,Action-Adventure,Sony Computer Entertainment,1.35,1.09,0.07,0.5,3.01
Doom (2018),2018,Shooter,Bethesda Softworks,0.93,1.48,0.04,0.46,2.92
Mafia III,2018,Action-Adventure,2K Games,0.72,1.67,0.04,0.44,2.87
Diablo III,2016,Role-Playing,Blizzard Entertainment,0.83,1.48,0.08,0.44,2.82
Far Cry: Primal,2018,Action-Adventure,Ubisoft,0.63,1.61,0.07,0.41,2.73
Need for Speed (2017),2017,Racing,Electronic Arts,0.59,1.66,0.06,0.41,2.72
Madden NFL 18,2019,Sports,EA Sports,1.73,0.42,0,0.47,2.62
NBA 2K15,2016,Sports,2K Sports,1.49,0.55,0.01,0.44,2.49
Dying Light,2017,Action,Warner Bros. Interactive,1.18,0.74,0.13,0.4,2.45
Dark Souls III,2018,Role-Playing,Namco Bandai Games,1,0.63,0.44,0.34,2.42
Ratchet & Clank (2018),2018,Platform,Sony Interactive Entertainment,0.97,0.97,0.06,0.39,2.38
DriveClub,2016,Racing,Sony Computer Entertainment,0.37,1.63,0.02,0.36,2.37
Uncharted: The Lost Legacy,2019,Action,Sony Interactive Entertainment,0.58,1.38,0.04,0.36,2.37
Dragon Age III: Inquisition,2016,Role-Playing,Electronic Arts,1.07,0.8,0.08,0.38,2.34
No Man's Sky,2018,Action-Adventure,Hello Games,0.89,0.97,0.04,0.37,2.26
Madden NFL 15,2016,Sports,EA Sports,1.58,0.25,0,0.41,2.25
Need for Speed: Payback,2019,Racing,Electronic Arts,0.62,1.18,0.04,0.34,2.18
Destiny: The Taken King,2017,Shooter,Activision,0.97,0.8,0.05,0.36,2.18
Need for Speed Rivals,2015,Racing,Electronic Arts,0.75,1.04,0.03,0.35,2.17
PlayStation VR Worlds,2018,Misc,Sony Interactive Entertainment,0.36,1.4,0.09,0.32,2.16
Battlefield: Hardline,2017,Shooter,Electronic Arts,0.72,0.97,0.14,0.33,2.15
Rise of the Tomb Raider,2018,Adventure,Square Enix,0.61,1.08,0.05,0.32,2.07
LittleBigPlanet 3,2016,Platform,Sony Computer Entertainment,0.78,0.93,0.01,0.34,2.06
The Elder Scrolls Online,2017,MMO,Bethesda Softworks,0.74,0.98,0,0.33,2.05
Middle-Earth: Shadow of War,2019,Action,Warner Bros. Interactive Entertainment,0.82,0.84,0.06,0.33,2.04
Dragon Quest XI,2019,Role-Playing,Square Enix,0.29,0.22,1.43,0.1,2.04
Rocket League,2018,Sports,505 Games,0.37,1.34,0,0.31,2.02
Just Cause 3,2017,Action-Adventure,Square Enix,0.53,1.07,0.09,0.3,1.98
Dishonored 2,2018,Action,Bethesda Softworks,0.62,1.02,0.01,0.31,1.97
Lego Marvel Super Heroes,2015,Action,Warner Bros. Interactive Entertainment,0.59,1,0.01,0.3,1.91
Until Dawn,2017,Adventure,Sony Computer Entertainment,0.62,0.92,0.06,0.3,1.9
Knack,2015,Platform,Sony Computer Entertainment,0.45,0.77,0.42,0.23,1.88
The Evil Within,2016,Action,Bethesda Softworks,0.56,0.9,0.11,0.28,1.86
The Crew,2016,Racing,Ubisoft,0.44,1.04,0.03,0.27,1.79
Kingdom Hearts 1.5 + 2.5 Remix,2019,Role-Playing,Square Enix,0.75,0.51,0.23,0.26,1.75
For Honor,2019,Action,Ubisoft,0.73,0.66,0.07,0.28,1.75
Titanfall 2,2018,Shooter,Electronic Arts,0.75,0.62,0.06,0.28,1.72
Injustice 2,2019,Fighting,Warner Bros. Interactive Entertainment,0.88,0.54,0,0.29,1.72
NieR Automata,2019,Role-Playing,Square Enix,0.56,0.51,0.42,0.22,1.71
Tekken 7,2019,Fighting,Namco Bandai Games,0.6,0.72,0.12,0.26,1.7
Persona 5,2018,Role-Playing,Deep Silver,0.62,0.34,0.48,0.2,1.64
The Order: 1886,2017,Shooter,Sony Computer Entertainment,0.44,0.86,0.07,0.25,1.62
Wolfenstein: The New Order,2016,Shooter,Bethesda Softworks,0.48,0.84,0.03,0.25,1.61
Detroit: Become Human,2020,Adventure,Sony Interactive Entertainment,0.55,0.67,0.12,0.24,1.57
Naruto Shippuden: Ultimate Ninja Storm 4,2018,Fighting,Namco Bandai Games,0.71,0.47,0.12,0.24,1.54
NBA 2K14,2015,Sports,2K Sports,0.91,0.35,0.01,0.27,1.54
Tomb Raider (2013),2016,Action-Adventure,Square Enix,0.47,0.74,0.06,0.23,1.51
Dragon Ball: Xenoverse 2,2018,Action,Namco Bandai Games,0.54,0.59,0.14,0.23,1.5
Rayman Legends,2016,Platform,Ubisoft,0.22,1.05,0,0.23,1.5
Mass Effect: Andromeda,2019,Role-Playing,Electronic Arts,0.58,0.67,0,0.25,1.49
Dragon Ball Fighter Z,2020,Fighting,Namco Bandai Games,0.61,0.51,0.12,0.23,1.46
South Park: The Fractured But Whole,2019,Role-Playing,Ubisoft,0.62,0.57,0,0.24,1.43
The Sims 4,2019,Simulation,Electronic Arts,0.44,0.72,0.01,0.22,1.39
Street Fighter V,2018,Fighting,Capcom,0.64,0.42,0.12,0.22,1.39
Wolfenstein II: The New Colossus,2019,Shooter,Bethesda Softworks,0.55,0.58,0.01,0.22,1.36
WWE 2K18,2019,Sports,2K Sports,0.45,0.67,0,0.22,1.33
Lego Star Wars: The Force Awakens,2018,Action-Adventure,Warner Bros. Interactive Entertainment,0.3,0.78,0.02,0.2,1.31
EA Sports UFC 2,2018,Sports,EA Sports,0.44,0.65,0,0.21,1.31
The Last Guardian,2018,Action-Adventure,Sony Interactive Entertainment,0.4,0.58,0.13,0.19,1.29
WWE 2K16,2017,Sports,Take-Two Interactive,0.43,0.65,0,0.21,1.29
Borderlands: The Handsome Collection,2017,Shooter,2K Games,0.69,0.34,0.03,0.22,1.28
Project CARS,2017,Racing,Bandai Namco Games,0.29,0.76,0.04,0.19,1.28
WWE 2K17,2018,Sports,2K Games,0.32,0.7,0,0.19,1.22
Guitar Hero Live,2017,Music,Activision,0.52,0.49,0,0.2,1.21
Metal Gear Solid: Ground Zeroes,2016,Action-Adventure,Konami Digital Entertainment,0.36,0.5,0.17,0.17,1.2
Mad Max (2013),2017,Action,Warner Bros. Interactive Entertainment,0.38,0.59,0.05,0.19,1.2
Shadow of the Colossus,2020,Action-Adventure,Sony Interactive Entertainment,0.44,0.52,0.05,0.19,1.2
Kingdom Hearts HD 2.8 Final Chapter Prologue,2019,Role-Playing,Square Enix,0.57,0.25,0.2,0.17,1.2
Dragon Ball: XenoVerse,2017,Fighting,Namco Bandai Games,0.33,0.55,0.14,0.17,1.19
LEGO Dimensions,2017,Action,Warner Bros. Interactive Entertainment,0.48,0.5,0,0.2,1.18
LEGO Jurassic World,2017,Action,Warner Bros. Interactive Entertainment,0.41,0.56,0.02,0.19,1.18
WWE 2K15,2016,Sports,2K Sports,0.4,0.57,0,0.19,1.16
MLB The Show 17,2019,Sports,Sony Interactive Entertainment,0.94,0,0,0.22,1.16
LEGO Worlds,2019,Misc,Warner Bros. Interactive Entertainment,0.21,0.72,0.04,0.17,1.14
The Elder Scrolls V: Skyrim PSVR,2019,Role-Playing,Bethesda Softworks,0.47,0.47,0.01,0.19,1.13
LEGO Marvel Super Heroes 2,2019,Action,Warner Bros. Interactive Entertainment,0.33,0.6,0,0.18,1.11
EA Sports UFC,2016,Fighting,Electronic Arts,0.49,0.43,0.01,0.18,1.11
Final Fantasy XII: The Zodiac Age,2019,Role-Playing,Square Enix,0.37,0.41,0.16,0.15,1.1
Alien: Isolation,2016,Adventure,Sega,0.29,0.59,0.05,0.16,1.09
MLB The Show 18,2020,Sports,Sony Interactive Entertainment,0.86,0,0,0.2,1.06
The Evil Within II,2019,Action,Bethesda Softworks,0.31,0.49,0.09,0.15,1.05
Prey (2019),2019,Shooter,Bethesda Softworks,0.25,0.62,0.02,0.16,1.04
Final Fantasy Type-0,2017,Role-Playing,Square Enix,0.4,0.33,0.16,0.15,1.04
Ni-Oh,2019,Action,Tecmo Koei,0.34,0.36,0.2,0.14,1.03
MLB 15: The Show,2017,Sports,Sony Computer Entertainment,0.75,0.08,0,0.19,1.01
Steep,2018,Sports,Ubisoft,0.23,0.6,0.02,0.15,1.01
LEGO Marvel's Avengers,2018,Action,Warner Bros. Interactive Entertainment,0.31,0.53,0.01,0.16,1.01
Evolve,2017,Shooter,2K Games,0.38,0.41,0.05,0.16,1.01
Injustice: Gods Among Us,2015,Fighting,Warner Bros. Interactive Entertainment,0.46,0.35,0,0.17,0.98
EA Sports UFC 3,2020,Sports,EA Sports,0.4,0.41,0.01,0.16,0.97
Madden NFL 25,2015,Sports,EA Sports,0.64,0.15,0,0.17,0.96
MLB 16: The Show,2018,Sports,Sony Computer Entertainment,0.78,0,0,0.18,0.96
Lego Batman 3: Beyond Gotham,2016,Action,Warner Bros. Interactive Entertainment,0.37,0.42,0,0.16,0.94
Final Fantasy X/X-2 HD Remaster,2017,Role-Playing,Square Enix,0.34,0.36,0.07,0.14,0.9
Ni no Kuni II: Revenant Kingdom,2020,Role-Playing,Namco Bandai Games,0.33,0.31,0.12,0.13,0.89
God of War III,2017,Action,Sony Computer Entertainment,0.4,0.33,0.02,0.15,0.89
Fortnite,2019,Action,Gearbox Software,0.42,0.32,0,0.15,0.89
LEGO Harry Potter Collection,2018,Action,Warner Bros. Interactive Entertainment,0.07,0.68,0,0.13,0.88
Minecraft: Story Mode,2017,Adventure,Mojang,0.31,0.42,0,0.14,0.87
BioShock The Collection,2018,Shooter,2K Games,0.41,0.28,0.03,0.14,0.86
Thief 4,2016,Action,Square Enix,0.28,0.41,0.03,0.13,0.85
Until Dawn: Rush of Blood,2018,Shooter,Sony Interactive Entertainment,0.5,0.21,0,0.15,0.85
Disney Infinity 3.0,2017,Action,Disney Interactive Studios,0.31,0.4,0,0.14,0.85
Farming Simulator 17,2018,Simulation,Focus Home Interactive,0.19,0.52,0.01,0.13,0.85
The Crew 2,2020,Racing,Ubisoft,0.22,0.42,0.05,0.12,0.82
Pro Evolution Soccer 2016,2017,Sports,Konami Digital Entertainment,0.14,0.43,0.14,0.1,0.82
ARK: Survival Evolved,2019,Action,Studio Wildcard,0.28,0.29,0.14,0.11,0.81
Dragon Quest Heroes: The World's Tree Woe and the Blight Below,2017,Action,Square Enix,0.21,0.14,0.39,0.07,0.81
Assassin's Creed The Ezio Collection,2018,Action,Ubisoft,0.14,0.52,0.02,0.12,0.79
Final Fantasy XIV: A Realm Reborn,2016,MMO,Square Enix,0.35,0.23,0.08,0.12,0.79
Destiny: The Collection,2018,Shooter,Activision,0.24,0.4,0.02,0.12,0.78
F1 2018 (Codemasters),2018,Racing,Codemasters,0.07,0.56,0.03,0.11,0.78
Hitman (2016),2019,Action,Square Enix,0.24,0.36,0.06,0.11,0.78
Pro Evolution Soccer 2015,2016,Sports,Konami Digital Entertainment,0.09,0.45,0.12,0.1,0.76
LEGO City Undercover,2019,Platform,Warner Bros. Interactive Entertainment,0.17,0.46,0.01,0.12,0.75
Pro Evolution Soccer 2018,2019,Sports,Konami Digital Entertainment,0.12,0.36,0.19,0.09,0.75
Disney Infinity 2.0: Marvel Super Heroes,2016,Action-Adventure,Disney Interactive Studios,0.37,0.25,0,0.13,0.75
Pro Evolution Soccer 2017,2018,Sports,Konami Digital Entertainment,0.08,0.41,0.18,0.09,0.75
Sniper Elite 3,2016,Shooter,505 Games,0.25,0.37,0,0.12,0.74
MLB 14 The Show,2016,Sports,Sony Computer Entertainment,0.59,0,0,0.14,0.73
WipEout Omega Collection,2019,Racing,Sony Interactive Entertainment,0.12,0.49,0,0.11,0.72
Deus Ex: Mankind Divided,2018,Role-Playing,Square Enix,0.25,0.34,0.01,0.12,0.72
The LEGO Movie Videogame,2016,Action-Adventure,Warner Bros. Interactive Entertainment,0.26,0.32,0.01,0.11,0.71
Marvel vs. Capcom: Infinite,2019,Fighting,Capcom,0.36,0.19,0.04,0.11,0.7
Dark Souls II,2017,Role-Playing,Namco Bandai Games,0.27,0.23,0.09,0.1,0.69
Yakuza 6,2018,Adventure,Sega,0.16,0.1,0.38,0.05,0.69
F1 2017,2017,Racing,Codemasters,0.1,0.45,0.04,0.1,0.68
METRO 2033,2016,Shooter,Deep Silver,0.22,0.31,0.05,0.1,0.68
Rocksmith 2016,2016,Music,Ubisoft,0.38,0.17,0,0.12,0.67
NHL 16,2017,Sports,EA Sports,0.38,0.16,0,0.12,0.66
Plants vs Zombies: Garden Warfare,2016,Shooter,Electronic Arts,0.24,0.3,0.01,0.11,0.66
Tales of Berseria,2018,Role-Playing,Namco Bandai Games,0.22,0.1,0.26,0.07,0.65
Yakuza Zero: The Place of Oath,2017,Adventure,Sega,0.22,0.16,0.19,0.08,0.65
One Piece: Burning Blood,2018,Fighting,Namco Bandai Games,0.21,0.26,0.09,0.09,0.65
Batman: Return to Arkham,2018,Action,Warner Bros. Interactive Entertainment,0.15,0.39,0.01,0.1,0.64
Plants vs. Zombies: Garden Warfare 2,2018,Shooter,Electronic Arts,0.22,0.31,0,0.1,0.63
LEGO The Hobbit,2016,Action-Adventure,Warner Bros. Interactive Entertainment,0.14,0.39,0,0.1,0.62
World of Final Fantasy,2018,Role-Playing,Square Enix,0.24,0.21,0.09,0.09,0.62
F1 2019,2019,Racing,Koch Media,0.04,0.47,0.02,0.09,0.62
NHL 15,2016,Sports,EA Sports,0.32,0.19,0,0.11,0.62
Knowledge is Power,2019,Party,Sony Interactive Entertainment,0.05,0.47,0,0.09,0.61
L.A. Noire,2019,Adventure,Rockstar Games,0.18,0.32,0,0.1,0.6
Hidden Agenda,2019,Adventure,Sony Interactive Entertainment,0.08,0.42,0,0.09,0.59
Call of Duty: Modern Warfare Remastered,2019,Shooter,Activision,0.17,0.3,0.03,0.09,0.58
Dragon Quest Builders: Revive Alefgard,2018,Role-Playing,Square Enix,0.12,0.17,0.24,0.06,0.58
The Lego Ninjago Movie Videogame,2019,Action,Warner Bros. Interactive Entertainment,0.16,0.32,0,0.09,0.57
Resident Evil: Revelations 2,2017,Action,Capcom,0.14,0.25,0.11,0.07,0.57
Rock Band 4,2017,Music,Harmonix Music Systems,0.41,0.06,0,0.1,0.57
NHL 18,2019,Sports,EA Sports,0.31,0.16,0,0.1,0.57
Everybody's Golf,2019,Sports,Sony Interactive Entertainment,0.12,0.22,0.17,0.06,0.56
The Amazing Spider-Man 2 (2016),2016,Action-Adventure,Activision,0.2,0.26,0.02,0.09,0.56
DOOM VFR,2019,Shooter,Bethesda Softworks,0.22,0.25,0,0.09,0.56
Sonic Forces,2019,Platform,Sega,0.15,0.31,0.01,0.09,0.56
Kingdom Come: Deliverance,2020,Role-Playing,Deep Silver,0.18,0.28,0,0.09,0.56
Lords of the Fallen,2016,Role-Playing,Square Enix,0.2,0.24,0.02,0.09,0.55
Sniper Elite 4,2019,Shooter,Rebellion Developments,0.21,0.25,0,0.09,0.55
Rory McIlroy PGA Tour,2017,Sports,Electronic Arts,0.19,0.27,0,0.09,0.55
Project CARS 2,2019,Racing,Namco Bandai Games,0.1,0.35,0.02,0.08,0.55
Skylanders: Trap Team,2016,Platform,Activision,0.25,0.18,0,0.09,0.52
NHL 17,2018,Sports,EA Sports,0.32,0.11,0,0.09,0.52
One Piece: Pirate Warriors 3,2017,Action,Namco Bandai Games,0.11,0.22,0.11,0.06,0.52
DiRT Rally,2018,Racing,Codemasters,0.13,0.3,0,0.08,0.51
Homefront: The Revolution,2018,Shooter,Deep Silver,0.11,0.29,0.04,0.07,0.5
Attack on Titan (KOEI),2018,Action,Tecmo Koei,0.08,0.24,0.12,0.06,0.5
DiRT 4,2019,Racing,Codemasters,0.1,0.3,0.02,0.07,0.49
Farpoint,2019,Shooter,Sony Interactive Entertainment,0,0.38,0.04,0.06,0.48
Battleborn,2018,Shooter,2K Games,0.25,0.12,0.03,0.08,0.48
A Way Out,2020,Action,Electronic Arts,0.23,0.16,0,0.08,0.48
Friday the 13th: The Game,2019,Action,Gun Media,0.29,0.09,0.03,0.08,0.48
The Walking Dead: A Telltale Games Series,2016,Adventure,Telltale Games,0.12,0.26,0.03,0.07,0.48
Wolfenstein: The Old Blood,2017,Shooter,Bethesda Softworks,0.13,0.25,0.02,0.07,0.48
Deadpool,2017,Action,Activision,0.26,0.13,0,0.08,0.47
Dragon Quest Heroes II: Twin Kings and the Prophecy's End,2018,Action,Square Enix,0.05,0.09,0.3,0.03,0.47
TrackMania Turbo,2018,Racing,Ubisoft,0.04,0.35,0,0.07,0.47
Knack 2,2019,Platform,Sony Interactive Entertainment,0.14,0.25,0.01,0.07,0.47
Just Dance 2014,2015,Music,Ubisoft,0.21,0.18,0,0.08,0.47
Dissidia Final Fantasy NT,2020,Fighting,Square Enix,0.19,0.06,0.16,0.05,0.46
Skylanders: SuperChargers,2017,Action-Adventure,Activision,0.29,0.09,0,0.08,0.45
Yakuza Kiwami,2018,Adventure,Sega,0.13,0.07,0.21,0.04,0.45
Tales of Zestiria,2017,Role-Playing,Namco Bandai Games,0.18,0.16,0.04,0.07,0.45
Star Ocean 5: Integrity and Faithlessness,2018,Role-Playing,Square Enix,0.1,0.13,0.16,0.05,0.45
Sleeping Dogs,2016,Action,Square Enix,0.16,0.21,0,0.07,0.44
Skylanders SWAP Force,2015,Misc,Activision,0.23,0.14,0,0.08,0.44
Skylanders Imaginators,2018,Platform,Activision,0.18,0.18,0,0.07,0.43
Trials Fusion,2016,Misc,Ubisoft,0.13,0.23,0.01,0.07,0.43
Saints Row IV,2017,Action,Deep Silver,0.15,0.18,0.03,0.06,0.42
Dishonored,2017,Action,Bethesda Softworks,0.12,0.21,0.02,0.06,0.42
Mirror's Edge 2,2018,Platform,Electronic Arts,0.13,0.19,0.03,0.06,0.42
Farming Simulator 2017,2017,Simulation,Koch Media,0.13,0.22,0,0.07,0.41
Just Dance 2015,2016,Music,Ubisoft,0.21,0.13,0,0.07,0.41
Sword Art Online: Hollow Realization,2018,Role-Playing,Namco Bandai Games,0.18,0.06,0.12,0.05,0.41
Just Dance 2016,2017,Music,Ubisoft,0.19,0.13,0,0.07,0.39
Batman: Arkham VR,2018,Action,Warner Bros. Interactive Entertainment,0.32,0,0,0.07,0.39
Little Nightmares,2019,Platform,Namco Bandai Games,0.18,0.12,0.02,0.06,0.39
Tropico 5,2017,Simulation,Kalypso Media,0.07,0.18,0.08,0.05,0.38
Life is Strange,2018,Adventure,Square Enix,0.11,0.16,0.05,0.05,0.37
Resident Evil Zero,2018,Action-Adventure,Capcom,0.07,0.18,0.07,0.05,0.37
Yakuza Kiwami 2,2019,Action,Sega,0.08,0.06,0.19,0.03,0.37
Vampyr,2020,Role-Playing,Focus Home Interactive,0.12,0.19,0,0.06,0.37
Okami,2019,Action,Capcom,0.16,0.12,0.03,0.06,0.36
Sniper: Ghost Warrior 3,2019,Shooter,City Interactive,0.14,0.15,0.03,0.06,0.36
Hokuto ga Gotoku,2020,Action,Sega,0.09,0.05,0.18,0.03,0.36
Sword Art Online: Lost Song,2017,Role-Playing,Namco Bandai Games,0.19,0.11,0,0.06,0.36
Disgaea 5: Alliance of Vengeance,2017,Role-Playing,NIS America,0.15,0.08,0.07,0.05,0.35
Dead or Alive 5,2017,Fighting,Tecmo Koei,0.09,0.13,0.09,0.04,0.35
Gravity Rush 2,2019,Action-Adventure,Sony Interactive Entertainment,0.13,0.05,0.13,0.04,0.35
Odin Sphere: Leifthrasir,2018,Role-Playing,NIS America,0.14,0.07,0.09,0.04,0.34
Divinity: Original Sin,2017,Role-Playing,Focus Home Interactive,0.13,0.13,0.04,0.05,0.34
The King of Fighters XIV,2018,Fighting,Deep Silver,0.21,0.02,0.06,0.05,0.34
Dishonored: Death of the Outsider,2019,Action,Bethesda Softworks,0.1,0.18,0,0.05,0.33
Valkyria Chronicles,2018,Role-Playing,Sega,0.14,0.08,0.08,0.04,0.33
Murdered: Soul Suspect,2016,Action-Adventure,Square Enix,0.09,0.17,0.02,0.05,0.33
Payday 2,2017,Shooter,505 Games,0.12,0.14,0,0.05,0.32
UEFA Euro 2018,2018,Sports,Konami Digital Entertainment,0,0.22,0.05,0.04,0.31
DmC: Devil May Cry,2017,Action,Capcom,0.12,0.13,0,0.05,0.31
Sonic Mania,2019,Platform,Sega,0.1,0.15,0.01,0.05,0.31
J Stars Victory Vs.,2017,Fighting,Namco Bandai Games,0.11,0.14,0,0.05,0.31
XCOM 2,2018,Strategy,2K Games,0.16,0.1,0,0.05,0.31
Dynasty Warriors 8: Xtreme Legends,2016,Misc,Tecmo Koei,0.09,0.12,0.06,0.04,0.31
Cities: Skylines,2019,Simulation,Koch Media,0.15,0.07,0.04,0.05,0.3
Saint Seiya: Soldiers' Soul,2017,Fighting,Namco Bandai Games,0,0.21,0.05,0.04,0.3
Just Dance 2018,2019,Music,Ubisoft,0.1,0.15,0,0.05,0.3
The Walking Dead: Season Two,2016,Misc,Square Enix,0.13,0.09,0.03,0.05,0.3
Sword Art Online: Fatal Bullet,2020,Role-Playing,Namco Bandai Games,0.11,0.03,0.13,0.03,0.29
Naruto to Boruto: Shinobi Striker,2020,Action,Bandai Namco Games,0.19,0.03,0.02,0.05,0.29
Yooka-Laylee,2019,Platform,Sold Out,0.09,0.16,0,0.05,0.29
Cars 3: Driven to Win,2019,Racing,Warner Bros. Interactive Entertainment,0.06,0.18,0.01,0.04,0.29
Metal Gear Solid V: The Definitive Experience,2018,Action,Konami Digital Entertainment,0.13,0.08,0.03,0.04,0.29
Sherlock Holmes: Crimes & Punishments,2016,Adventure,Focus Home Interactive,0.1,0.14,0,0.05,0.29
Star Trek Bridge Crew VR,2019,Action,Ubisoft,0.11,0.12,0,0.05,0.28
The Heavy Rain and Beyond: Two Souls Collection,2018,Action,Sony Computer Entertainment,0,0.24,0,0.04,0.28
Spintires: MudRunner,2019,Simulation,Focus Home Interactive,0.11,0.12,0,0.05,0.28
Onechanbara Z2: Chaos,2016,Action,NIS America,0.16,0.03,0.05,0.04,0.28
Secret of Mana,2020,Role-Playing,Square Enix,0.06,0.12,0.05,0.04,0.28
Gundam Versus,2019,Action,Namco Bandai Games,0.08,0,0.18,0.02,0.28
NBA Live 14,2015,Sports,EA Sports,0.17,0.05,0,0.05,0.27
Bravo Team VR,2020,Shooter,Sony Interactive Entertainment,0.12,0.09,0.02,0.04,0.27
Killing Floor 2Ê,2018,Shooter,Tripwire Interactive,0.19,0.03,0,0.05,0.27
Robinson: The Journey,2018,Action-Adventure,Sony Interactive Entertainment,0.14,0.09,0,0.05,0.27
DriveClub VR,2018,Racing,Sony Interactive Entertainment,0.12,0.09,0.01,0.04,0.27
Fate/Extella: The Umbral Star,2018,Action,PQube,0.12,0,0.12,0.03,0.27
Ultimate Marvel vs. Capcom 3,2019,Fighting,Capcom,0.19,0,0.02,0.04,0.26
New Danganronpa V3: Minna no Koroshiai Shin Gakki,2019,Adventure,NIS America,0.09,0.05,0.07,0.03,0.25
Samurai Warriors 4,2016,Fighting,Tecmo Koei,0.08,0.07,0.06,0.03,0.25
Darksiders III,2020,Action,THQ Nordic,0.13,0.07,0,0.04,0.25
NBA Live 15,2016,Sports,Electronic Arts,0.16,0.04,0,0.04,0.25
NBA Live 18,2019,Sports,EA Sports,0.2,0,0,0.05,0.24
Tearaway Unfolded,2017,Platform,Sony Computer Entertainment,0.07,0.13,0,0.04,0.24
.hack//G.U. Last Recode,2019,Role-Playing,Namco Bandai Games,0.1,0.04,0.08,0.03,0.24
Ride,2017,Racing,Milestone S.r.l.,0.04,0.13,0.03,0.03,0.24
Just Dance 2017,2018,Misc,Ubisoft,0.08,0.12,0,0.04,0.24
The Escapists 2,2019,Action,Sold Out,0.04,0.16,0,0.04,0.24
Transformers: Devastation,2017,Action,Activision,0.11,0.09,0,0.04,0.24
Darksiders II,2017,Action-Adventure,Nordic Games,0.1,0.1,0,0.04,0.24
Jikkyou Powerful Pro Baseball 2018,2018,Sports,Konami Digital Entertainment,0,0,0.24,0,0.24
The Elder Scrolls Online: Morrowind,2019,MMO,Bethesda Softworks,0.11,0.09,0,0.04,0.24
Digimon World: Next Order,2019,Role-Playing,Namco Bandai Games,0.13,0.05,0.02,0.04,0.24
theHunter: Call of the Wild,2019,Shooter,Astragon,0.19,0,0,0.04,0.24
Tony Hawk's Pro Skater 5,2017,Sports,Activision,0.11,0.08,0,0.04,0.23
Angry Birds: Star Wars,2015,Puzzle,Activision,0.11,0.09,0,0.04,0.23
Elex,2019,Role-Playing,THQ Nordic,0.03,0.16,0,0.04,0.23
RIGS: Mechanized Combat League,2018,Action,Sony Interactive Entertainment,0.11,0.06,0.02,0.04,0.23
Transformer: Rise of the Dark Spark,2016,Shooter,Activision,0.08,0.11,0.01,0.04,0.23
Dead Island Definitive Collection,2018,Action,Deep Silver,0.09,0.08,0.03,0.03,0.23
Metal Gear Survive,2020,Action,Konami Digital Entertainment,0.08,0.06,0.05,0.03,0.23
Singstar Celebration,2019,Music,Sony Interactive Entertainment,0.04,0.15,0,0.03,0.23
Dead by Daylight,2019,Action,505 Games,0.11,0.06,0.02,0.04,0.22
Attack on Titan 2,2020,Action,Koei Tecmo,0.09,0.04,0.06,0.03,0.22
The Wolf Among Us,2016,Adventure,Telltale Games,0.11,0.07,0,0.04,0.22
Micro Machines: World Series,2019,Racing,Codemasters,0.03,0.16,0,0.03,0.22
Bladestorm: Nightmare,2017,Action,Tecmo Koei,0.11,0.04,0.03,0.03,0.22
Zombie Army Trilogy,2017,Shooter,Rebellion Developments,0.06,0.13,0,0.03,0.22
Outlast Trinity,2019,Action,Warner Bros. Interactive Entertainment,0.09,0.09,0,0.04,0.22
EVE: Valkyrie,2018,Shooter,Sony Interactive Entertainment,0.11,0.06,0,0.04,0.21
Senran Kagura: Peach Beach Splash,2019,Action,PQube,0.09,0.02,0.08,0.02,0.21
Ys VIII: Lacrimosa of Dana,2019,Role-Playing,NIS America,0.08,0.04,0.08,0.02,0.21
Bound By Flame,2016,Action,Focus Home Interactive,0.08,0.09,0,0.04,0.21
NBA Live 16,2017,Sports,EA Sports,0.13,0.05,0,0.04,0.21
7 Days to Die,2018,Action,Telltale Games,0.09,0.08,0,0.03,0.21
Dynasty Warriors 8: Empires,2016,Misc,Tecmo Koei,0.07,0.07,0.04,0.03,0.21
Dragon's Dogma,2019,Role-Playing,Capcom,0.07,0.07,0.03,0.03,0.21
Godzilla (2015),2016,Action,Namco Bandai Games,0.11,0.03,0.03,0.03,0.2
Eagle Flight,2018,Adventure,Ubisoft,0.09,0.08,0,0.03,0.2
Agents of Mayhem,2019,Action,Deep Silver,0.08,0.08,0,0.03,0.2
MotoGP 14Ê,2016,Racing,Milestone S.r.l.,0.05,0.11,0,0.03,0.2
Elite: Dangerous,2019,Simulation,Frontier Developments,0.06,0.1,0,0.03,0.19
Singstar: Ultimate Party,2016,Music,Sony Computer Entertainment,0,0.16,0,0.03,0.19
Toukiden Kiwami,2017,Action,Tecmo Koei,0.06,0.07,0.03,0.03,0.19
Batman: A Telltale Game Series,2018,Adventure,Telltale Games,0.09,0.07,0,0.03,0.19
The Surge,2019,Action,Koch Media,0.07,0.08,0.01,0.03,0.19
MotoGP 15,2017,Racing,Milestone S.r.l.,0,0.13,0.04,0.02,0.18
Resident Evil: Revelations,2019,Action,Capcom,0.06,0.06,0.04,0.02,0.18
Senran Kagura: Estival Versus,2017,Action,Marvelous Interactive,0.08,0,0.09,0.02,0.18
Back to the Future: The Game,2017,Adventure,Telltale Games,0.1,0.05,0,0.03,0.18
The Walking Dead - The Telltale Series: A New Frontier,2019,Adventure,Warner Bros. Interactive Entertainment,0.11,0.04,0,0.03,0.17
Resident Evil 6,2018,Shooter,Capcom,0.1,0,0.05,0.02,0.17
Final Fantasy XIV: Heavensward,2017,MMO,Square Enix,0,0.09,0.06,0.02,0.17
Final Fantasy XIV: Stormblood,2019,MMO,Square Enix,0.05,0.06,0.04,0.02,0.17
Guilty Gear Xrd: Sign,2016,Fighting,Arc System Works,0.11,0,0.04,0.02,0.17
Prototype: Biohazard Bundle,2018,Action,Activision,0.14,0,0,0.03,0.17
BlazBlue Central Fiction,2018,Fighting,PQube,0.1,0,0.05,0.02,0.17
MXGP 3: The Official Motocross Videogame,2019,Racing,Milestone,0.06,0.08,0,0.03,0.17
Ride 2,2018,Racing,Milestone S.r.l,0.07,0.06,0.01,0.03,0.16
Dead Rising 4,2019,Action-Adventure,Capcom,0.08,0.05,0,0.03,0.16
Putty Squad,2015,Platform,System 3,0.06,0.07,0,0.03,0.16
Digimon Story: Cyber Sleuth - Hacker's Memory,2019,Role-Playing,Namco Bandai Games,0.05,0.05,0.04,0.02,0.16
Battlezone,2018,Action,Sony Interactive Entertainment,0.09,0.04,0,0.03,0.16
Naruto Shippuden: Ultimate Ninja Storm Legacy,2019,Fighting,Namco Bandai Games,0.07,0.04,0.03,0.02,0.16
Berserk and the Band of the Hawk,2018,Action,Tecmo Koei,0.07,0.02,0.05,0.02,0.16
BlazBlue: Chrono Phantasma Extend,2017,Fighting,PQube,0.08,0.04,0.02,0.02,0.16
Pillars of Eternity,2019,Role-Playing,Paradox InteractiveÊ,0.11,0.02,0,0.03,0.16
Valkyria: Azure Revolution,2019,Role-Playing,Deep Silver,0.04,0.03,0.07,0.02,0.16
Gravity Rush Remastered,2017,Action-Adventure,Sony Computer Entertainment,0.02,0.06,0.05,0.02,0.16
Psycho-Pass: Mandatory Happiness,2018,Visual Novel,NIS America,0.1,0.02,0,0.03,0.15
Brothers: A Tale of Two Sons,2017,Adventure,505 Games,0.04,0.09,0,0.02,0.15
Warriors Orochi 3,2016,Action,Tecmo Koei,0.04,0.05,0.04,0.02,0.15
Wasteland 2,2017,Role-Playing,Deep Silver,0.1,0,0.03,0.02,0.15
Atelier Sophie: The Alchemist of the Mysterious Book,2017,Role-Playing,Tecmo Koei,0.04,0.03,0.07,0.01,0.15
NASCAR Heat Evolution,2018,Racing,Dusenberry Martin Racing,0.12,0,0,0.03,0.15
Yakuza: Ishin,2016,Adventure,Sega,0,0,0.15,0,0.15
Toukiden 2,2018,Action,Tecmo Koei,0.04,0,0.1,0.01,0.15
Song of the Deep,2018,Action,Insomniac Games,0.12,0,0,0.03,0.15
Super Robot Wars V,2019,Role-Playing,Namco Bandai Games,0,0,0.15,0,0.15
Blue Reflection: Maboroshi ni Mau - Shoujo no Ken,2019,Role-Playing,Tecmo Koei,0.07,0,0.06,0.02,0.14
Yonmegami Online: Cyber Dimension Neptune,2019,Role-Playing,Idea Factory International,0.06,0,0.07,0.01,0.14
Grand Kingdom,2017,Role-Playing,NIS America,0.08,0,0.04,0.02,0.14
Arslan: The Warriors of Legend,2018,Action,Tecmo Koei,0.03,0.04,0.06,0.01,0.14
Pro Cycling Manager 2018,2018,Sports,Focus Home Interactive,0,0.12,0,0.02,0.14
Shovel Knight,2017,Platform,Yacht Club Games,0.08,0.04,0,0.02,0.14
Adventure Time: Finn & Jake Investigations,2017,Action,Little Orbit,0.07,0.05,0,0.02,0.14
Guilty Gear Xrd -Revelator-,2018,Fighting,PQube,0.06,0,0.07,0.01,0.14
We Happy Few,2020,Action-Adventure,Gearbox Software,0.08,0.04,0,0.02,0.14
Rocksmith 2014 Edition Remastered,2018,Music,Ubisoft,0.11,0,0,0.03,0.14
The Crew: Wild Run,2017,Racing,Ubisoft,0,0.12,0,0.02,0.14
MXGP 2,2018,Racing,Milestone S.r.l.,0.05,0.06,0,0.02,0.14
MotoGP 17,2019,Racing,Koch Media,0.04,0.07,0,0.02,0.14
Fairy Fencer F: Advent Dark Force,2017,Role-Playing,Idea Factory International,0.06,0,0.06,0.01,0.14
Samurai Warriors 4-II,2017,Action,Tecmo Koei,0.04,0.02,0.07,0.01,0.13
The Golf Club,2016,Sports,Ravenscourt,0.09,0.02,0,0.02,0.13
Hatsune Miku: Project Diva X,2018,Music,Sega,0.08,0,0.04,0.02,0.13
NASCAR Heat 2,2019,Racing,505 Games,0.11,0,0,0.02,0.13
Bulletstorm: Full Clip Edition,2019,Shooter,Gearbox Software,0.05,0.06,0,0.02,0.13
Valentino Rossi: The Game,2018,Racing,Namco Bandai Games,0.05,0.05,0,0.02,0.13
Golf Club 2,2019,Sports,Maximum Games,0.05,0.06,0,0.02,0.13
Akiba's Trip 2,2016,Action,Acquire,0.09,0,0.02,0.02,0.13
Rugby 15,2017,Sports,Bigben Interactive,0.05,0.06,0,0.02,0.13
Utawarerumono: Futari no Hakuoro,2018,Visual Novel,Atlus,0.05,0,0.07,0.01,0.13
The Legend of Heroes: Trails of Cold Steel III,2019,Role-Playing,Nihon Falcom Corporation,0,0,0.13,0,0.13
Utawarerumono: Itsuwari no Kamen,2017,Adventure,Deep Silver,0.05,0,0.07,0.01,0.13
The Inpatient,2020,Action,Sony Interactive Entertainment,0.06,0.05,0,0.02,0.13
Don Bradman Cricket 14,2017,Sports,Tru Blu Entertainment,0.01,0.09,0,0.02,0.13
Sword Art Online: Hollow Fragment,2017,Role-Playing,Namco Bandai Games,0,0.11,0,0.02,0.12
Teenage Mutant Ninja Turtles: Mutants in Manhattan,2018,Action,Activision,0.07,0.03,0,0.02,0.12
Job Simulator,2019,Simulation,Sony Interactive Entertainment,0.1,0,0,0.02,0.12
Portal Knights,2019,Role-Playing,505 Games,0.02,0.05,0.03,0.01,0.12
Samurai Warriors 4: Empires,2017,Action,Tecmo Koei,0.03,0.01,0.07,0.01,0.12
Danganronpa 1o2 Reload,2019,Adventure,NIS America,0.08,0,0.02,0.02,0.12
God Eater 2: Rage Burst,2017,Role-Playing,Namco Bandai Games,0,0.01,0.11,0,0.12
America's Greatest Game Shows: Wheel of Fortune & Jeopardy!,2019,Misc,Ubisoft,0.1,0,0,0.02,0.12
Marvel's Guardians of the Galaxy: The Telltale Series,2019,Adventure,Warner Bros. Interactive Entertainment,0.06,0.04,0,0.02,0.12
Digimon Story: Cyber Sleuth,2018,Role-Playing,Namco Bandai Games,0,0.1,0,0.02,0.11
Constructor HD,2019,Strategy,System 3,0.09,0,0,0.02,0.11
Minecraft: Story Mode - Season Two,2019,Adventure,Telltale Games,0.09,0,0,0.02,0.11
Darksiders: Warmastered Edition,2018,Action-Adventure,THQ Nordic,0.07,0.02,0,0.02,0.11
Mighty No. 9,2018,Platform,Deep Silver,0.09,0,0,0.02,0.11
The Invisible Hours,2019,Adventure,GameTrust,0.09,0,0,0.02,0.11
Monster Energy Supercross - The Official Videogame,2020,Racing,Milestone S.r.l.,0.08,0.01,0,0.02,0.11
The Idolmaster: Platinum Stars,2018,Simulation,Namco Bandai Games,0,0,0.11,0,0.11
The Witch and the Hundred Knight,2017,Role-Playing,NIS America,0.03,0.01,0.06,0.01,0.11
SD Gundam G Generation Genesis,2018,Strategy,Namco Bandai Games,0,0,0.11,0,0.11
Rime,2019,Adventure,Grey Box,0.02,0.07,0,0.02,0.11
Super Robot Wars OG: The Moon Dwellers,2018,Misc,Namco Bandai Games,0,0,0.11,0,0.11
Gundam Breaker 3,2018,Action,Namco Bandai Games,0,0,0.11,0,0.11
Earth Defense Force 2025.1: The Shadow of New Despair,2017,Shooter,D3Publisher,0,0,0.11,0,0.11
Shadow Warrior (2013),2016,Shooter,Devolver Digital,0,0.09,0,0.02,0.11
Assassin's Creed Chronicles,2018,Action,Ubisoft,0.02,0.05,0.02,0.01,0.11
Mega Man Legacy Collection,2018,Platform,Capcom,0.09,0,0,0.02,0.11
Pac-Man Championship Edition 2 + Arcade Game Series,2019,Action,Namco Bandai Games,0.08,0,0,0.02,0.1
Tokyo Xanadu eX+,2018,Role-Playing,Nihon Falcom Corporation,0.05,0,0.05,0.01,0.1
Stardew Valley,2019,Simulation,505 Games,0.04,0.04,0,0.02,0.1
Romance of the Three Kingdoms 13,2017,Action,Tecmo Koei,0.03,0,0.06,0.01,0.1
Musou Stars,2019,Action,Tecmo Koei,0.03,0,0.06,0.01,0.1
Mega Man Legacy Collection 2,2019,Action,Capcom,0.06,0,0.02,0.01,0.1
Final Fantasy XIV Online Complete Edition,2019,MMO,Square Enix,0.07,0,0.02,0.02,0.1
Devil May Cry 4,2017,Action,Capcom,0.01,0,0.09,0,0.1
Puyo Puyo Tetris,2016,Puzzle,Sega,0.05,0.03,0,0.02,0.1
Natural Doctrine,2016,Role-Playing,NIS America,0.05,0.02,0.02,0.01,0.1
Sudden Strike 4,2019,Strategy,Kalypso Media,0.05,0.03,0.01,0.02,0.1
Accel World vs. Sword Art Online: Millennium Twilight,2019,Action,Namco Bandai Games,0,0.03,0.06,0.01,0.1
Wolfenstein The Two Pack,2019,Shooter,Bethesda Softworks,0.08,0,0,0.02,0.1
Guilty Gear Xrd REV 2,2019,Fighting,PQube,0.04,0.01,0.03,0.01,0.1
Let's Sing 2016,2017,Music,Ravenscourt,0.08,0,0,0.02,0.1
Resident Evil 4 HD,2018,Action-Adventure,Capcom,0.07,0,0.01,0.02,0.1
Nights of Azure 2,2019,Action,Tecmo Koei,0.04,0,0.04,0.01,0.09
The Technomancer,2018,Role-Playing,Focus Home Interactive,0.04,0.04,0,0.02,0.09
Nights of Azure,2017,Action,Tecmo Koei,0.04,0.04,0,0.02,0.09
Taiko no Tatsujin: Drum Session!,2019,Music,Namco Bandai Games,0,0,0.09,0,0.09
Nobunaga's Ambition: Sphere of Influence - Sengoku Risshiden,2018,Strategy,Tecmo Koei,0.03,0,0.06,0.01,0.09
Grand Ages: Medieval,2017,Strategy,Kalypso Media,0,0.05,0.03,0.01,0.09
Rugby League Live 4,2019,Sports,Tru Blu Entertainment,0,0.08,0,0.01,0.09
Toy Soldiers: War Chest,2017,Action,Ubisoft,0.07,0,0,0.02,0.09
God Eater Resurrection,2017,Action,Namco Bandai Games,0,0,0.09,0,0.09
Paragon,2018,Action,Sony Interactive Entertainment,0.07,0,0,0.02,0.09
Summon Night 6: Lost Borders,2018,Role-Playing,Gaijinworks,0.03,0,0.05,0.01,0.09
Black Rose Valkyrie,2018,Role-Playing,Idea Factory International,0.04,0,0.04,0.01,0.09
Duke Nukem 3D: 20th Anniversary World Tour,2018,Shooter,Gearbox Software,0.07,0,0,0.02,0.09
ATV Drift & Tricks,2019,Racing,Funbox Media,0.07,0,0,0.02,0.09
Yoru no Nai Kuni,2017,Role-Playing,Tecmo Koei,0,0,0.09,0,0.09
Lara Croft and the Temple of Osiris,2016,Action,Square Enix,0,0.07,0,0.01,0.09
Ghostbusters (2018),2018,Action,Activision,0.07,0,0,0.02,0.08
Agatha Christie's The ABC Murders,2018,Adventure,Microids,0.05,0.02,0,0.02,0.08
Shantae: Half-Genie Hero,2018,Platform,Xseed Games,0.06,0,0.01,0.01,0.08
Earth Defense Force 4.1: The Shadow of New Despair,2017,Shooter,PQube,0.05,0.02,0,0.01,0.08
The Sexy Brutale,2019,Adventure,Badland Studio,0.05,0.02,0,0.01,0.08
Legend of Kay,2017,Action,Nordic Games,0.03,0.03,0,0.01,0.08
Hasbro Family Fun Pack Conquest Edition,2018,Misc,Ubisoft,0.07,0,0,0.02,0.08
Loading Human,2018,Adventure,Maximum Games,0.05,0.02,0,0.01,0.08
Rapala Fishing Pro Series,2019,Simulation,GameMill,0.06,0,0,0.02,0.08
Atelier Firis: The Alchemist of the Mysterious Journey,2018,Role-Playing,Tecmo Koei,0.02,0,0.05,0.01,0.08
Dead Rising,2018,Action,Capcom,0.04,0,0.02,0.01,0.08
Assetto Corsa,2018,Racing,505 Games,0,0.06,0.01,0.01,0.08
Akiba's Beat,2018,Action,PQube,0.05,0,0.01,0.01,0.08
WRC 6,2018,Racing,PQube,0.03,0.02,0.01,0.01,0.08
God Wars: Future Past,2019,Role-Playing,NIS America,0.03,0.01,0.02,0.01,0.07
Resident Evil 5 HD,2018,Action,Capcom,0.05,0,0.01,0.01,0.07
The Witch and the Hundred Knights 2,2019,Role-Playing,Nippon Ichi Software,0.03,0,0.03,0.01,0.07
Samurai Warriors: Sanada Maru,2018,Action,Tecmo Koei,0.02,0,0.05,0.01,0.07
Project Setsuna,2018,Role-Playing,Square Enix,0,0,0.07,0,0.07
Has-Been Heroes,2019,Action,GameTrust,0.06,0,0,0.01,0.07
Fortune Street: Dragon Quest & Final Fantasy 30th Anniversary,2019,Misc,Square Enix,0,0,0.07,0,0.07
Styx: Shards of Darknes,2019,Action,Focus Home Interactive,0.06,0,0,0.01,0.07
Dead Rising 2,2018,Action,Capcom,0.04,0,0.02,0.01,0.07
The Book of Unwritten Tales 2,2017,Adventure,Nordic Games,0,0.06,0,0.01,0.07
Touhou Genso Rondo: Bullet Ballet,2018,Shooter,NIS America,0.06,0,0,0.01,0.07
The Walking Dead: A Telltale Series Collection,2019,Adventure,Warner Bros. Interactive Entertainment,0.06,0,0,0.01,0.07
The Silver Case,2019,Visual Novel,NIS America,0.05,0,0.01,0.01,0.07
Hunting Simulator,2019,Shooter,Bigben Interactive,0.06,0,0,0.01,0.07
WRC 7,2019,Racing,Bigben Interactive,0.06,0,0,0.01,0.07
Kamen Rider: Battride War Genesis,2018,Action,Namco Bandai Games,0,0,0.07,0,0.07
Le Tour de France 2019,2019,Simulation,Focus Home Interactive,0,0.06,0,0.01,0.07
City Shrouded in Shadow,2019,Action-Adventure,Namco Bandai Games,0,0,0.07,0,0.07
SG/ZH: School Girl/Zombie Hunter,2019,Action,Aksys Games,0.04,0,0.02,0.01,0.07
Broken Sword 5: The Serpent's Curse,2017,Adventure,Revolution Software,0,0.06,0,0.01,0.07
Terraria,2016,Action,505 Games,0,0.05,0.01,0.01,0.07
Warhammer: The End Times - Vermintide,2018,Action,Games Workshop,0.03,0.03,0,0.01,0.07
Batman: The Enemy Within,2019,Adventure,Telltale Games,0.05,0,0,0.01,0.07
Atari Flashback Classics: Volume 1,2018,Misc,Atari,0.05,0,0,0.01,0.07
Legend of Kay Anniversary,2017,Action,Nordic Games,0,0.06,0,0.01,0.07
Steins;Gate 0,2017,Adventure,PQube,0,0,0.07,0,0.07
ZombiU,2018,Action,Ubisoft,0,0.04,0.01,0.01,0.07
Risen 3: Titan Lords,2017,Role-Playing,Deep Silver,0,0.06,0,0.01,0.07
Mark McMorris Infinite Air,2018,Sports,Maximum Games,0.05,0,0,0.01,0.06
Dead or Alive Xtreme 3: Fortune,2018,Sports,Tecmo Koei,0,0,0.06,0,0.06
Birthdays the Beginning,2019,Misc,NIS America,0.05,0,0,0.01,0.06
Rugby 18,2019,Sports,Koch Media,0.05,0,0,0.01,0.06
The Binding of Isaac,2019,Misc,Nicalis,0.05,0,0,0.01,0.06
Sherlock Holmes: The Devil's Daughter,2018,Adventure,Bigben Interactive,0.05,0,0,0.01,0.06
Atelier Liddy and Soeur: Alchemists of the Mysterious Painting,2019,Role-Playing,Tecmo Koei,0.03,0,0.03,0.01,0.06
MX vs. ATV Supercross Encore,2017,Sports,Nordic Games,0,0.05,0,0.01,0.06
MX vs ATV Supercross Encore 2019 Track Edition,2019,Racing,THQ Nordic,0.05,0,0,0.01,0.06
Sword Art Online: Game Director's Edition,2017,Role-Playing,Namco Bandai Games,0,0,0.06,0,0.06
Deformers,2019,Action,Ready at Dawn,0.05,0,0,0.01,0.06
Nobunaga no Yabou: Souzou,2016,Strategy,Tecmo Koei,0,0,0.06,0,0.06
Dragon Quest X: All in One Package,2019,Role-Playing,Square Enix,0,0,0.06,0,0.06
Yomawari: Midnight Shadows,2019,Action,NIS America,0.02,0,0.04,0,0.06
Game of Thrones (Telltale),2017,Adventure,Telltale Games,0.05,0,0,0.01,0.06
Atari Flashback Classics: Volume 2,2018,Misc,Atari,0.05,0,0,0.01,0.06
Outcast: Second Contact,2019,Adventure,Maximum Games,0.05,0,0,0.01,0.06
Cartoon Network Battle Crashers,2018,Action,Maximum Games,0.05,0,0,0.01,0.06
Handball 16,2017,Sports,Bigben Interactive,0,0.05,0,0.01,0.06
Extinction,2020,Action,Maximum Games,0.05,0,0,0.01,0.06
Rugby World Cup 2017,2017,Sports,Big Ben Interactive,0,0.05,0,0.01,0.06
Exist Archive: The Other Side of the Sky,2017,Role-Playing,Aksys Games,0.02,0,0.03,0,0.06
King's Quest: The Complete Collection,2018,Adventure,Activision,0.05,0,0,0.01,0.06
Sine Mora,2019,Action,THQ Nordic,0.03,0.01,0,0.01,0.06
Aven Colony,2019,Strategy,Sold Out,0.04,0.01,0,0.01,0.06
Battle Chasers: Nightwar,2019,Role-Playing,THQ Nordic,0.03,0.02,0,0.01,0.06
WRC 5: FIA World Rally Championship,2017,Racing,Bigben Interactive,0,0.05,0,0.01,0.06
Black Mirror,2019,Adventure,THQ Nordic,0.04,0,0,0.01,0.05
Touhou Genso Wanderer,2019,Action,NIS America,0.04,0,0,0.01,0.05
Arcania: Gothic 4,2017,Role-Playing,Nordic Games,0.04,0,0,0.01,0.05
Starblood Arena VR,2019,Shooter,Sony Interactive Entertainment,0.04,0,0,0.01,0.05
Hellblade,2020,Action-Adventure,505 Games,0.03,0.01,0,0.01,0.05
Bubsy: The Woolies Strike Back,2019,Platform,Accolade,0.04,0,0,0.01,0.05
Nitroplus Blasterz: Heroines Infinite Duel,2017,Fighting,Marvelous Interactive,0.01,0.01,0.03,0,0.05
Nobunaga's Ambition: Creation,2016,Strategy,Tecmo Koei,0.04,0,0,0.01,0.05
Child of Light,2016,Role-Playing,Ubisoft,0,0.01,0.04,0,0.05
Phantasy Star Online 2 Episode 4: Deluxe Package,2019,Role-Playing,Sega,0,0,0.05,0,0.05
Saints Row: Gat out of Hell,2017,Action,Deep Silver,0,0.04,0,0.01,0.05
Werewolves Within,2018,Misc,Ubisoft,0.04,0,0,0.01,0.05
Demon Gaze 2,2019,Role-Playing,NIS America,0.04,0,0,0.01,0.05
Real Farm,2019,Simulation,Soedesco,0.04,0,0,0.01,0.05
Worms: WMD,2018,Strategy,Team17 Digital Ltd,0.02,0.02,0,0.01,0.05
Syberia III,2019,Adventure,Microids,0.04,0,0,0.01,0.05
Sengoku Basara: Sanada Yukimura-Den,2018,Action,Capcom,0,0,0.05,0,0.05
Sengoku Basara 4: Sumeragi,2017,Action,Capcom,0,0,0.05,0,0.05
SŽbastien Loeb Rally Evo,2018,Racing,Milestone S.r.l,0,0.04,0,0.01,0.05
Don't Starve,2020,Adventure,505 Games,0.04,0,0,0.01,0.05
Monster Jam: Crush It,2018,Racing,GameMill,0.04,0,0,0.01,0.05
Prison Architect,2018,Simulation,Introversion Software,0.02,0.02,0,0.01,0.05
Assault Suit Leynos,2018,Shooter,Rising Star Games,0.04,0,0,0.01,0.05
Tokyo Twilight Ghost Hunters Daybreak: Special Gigs,2018,Adventure,NIS America,0.04,0,0,0.01,0.05
Overcooked,2018,Action,Sold Out,0.04,0,0,0.01,0.05
Ben 10 (2019),2019,Action,Outright Games,0.04,0,0,0.01,0.05
Dead Alliance,2019,Shooter,Maximum Games,0.04,0,0,0.01,0.04
Deer Hunter Reloaded,2019,Shooter,Maximum Games,0.04,0,0,0.01,0.04
That's You,2019,Party,Sony Interactive Entertainment,0.04,0,0,0.01,0.04
Raid: World War II,2019,Shooter,505 Games,0.04,0,0,0.01,0.04
Hyperdimension Neptunia Victory II,2017,Role-Playing,Idea Factory International,0,0,0.04,0,0.04
Zero Escape The Nonary Games,2019,Adventure,Aksys Games,0.03,0,0.01,0.01,0.04
Rugby Challenge 3,2018,Sports,Alternative Software,0,0.04,0,0.01,0.04
Vikings: Wolves of Midgard,2019,Action,Kalypso Media,0.03,0.01,0,0.01,0.04
INSIDE / LIMBO Double Pack,2019,Platform,505 Games,0.04,0,0,0.01,0.04
The Talos Principle,2017,Puzzle,Nighthawk Interactive,0,0.04,0,0.01,0.04
Megadimension Neptunia VIIR,2019,Role-Playing,Compile Heart,0.01,0,0.03,0,0.04
R.B.I. Baseball 2018,2018,Sports,MLB.com,0.04,0,0,0.01,0.04
Pure Farming 2020,2020,Simulation,Techland,0.02,0.01,0,0.01,0.04
Air Conflicts: Secret Wars,2018,Simulation,Nighthawk Interactive,0.03,0,0,0.01,0.04
Anima - Gate of Memories,2018,Action,Avanquest,0.01,0.02,0,0.01,0.04
Axiom Verge,2019,Action,Badland Studio,0.03,0,0,0.01,0.04
Unbox: Newbie's Adventure,2019,Action,Merge Games,0.03,0,0,0.01,0.04
Here They Lie,2018,Adventure,Sony Interactive Entertainment,0,0.03,0,0.01,0.04
Under Night In-Birth Exe:Latest,2019,Fighting,Arc System Works,0.01,0,0.03,0,0.04
Aragami,2018,Action,Maximum Games,0.03,0,0,0.01,0.04
Yonder: The Cloud Catcher Chronicles,2019,Action,CokeM Interactive,0.03,0,0,0.01,0.04
Assassin's Creed Chronicles: China,2017,Action-Adventure,Ubisoft,0,0.03,0,0.01,0.04
JoJo's Bizarre Adventure: Eyes of Heaven,2017,Fighting,Namco Bandai Games,0,0,0.04,0,0.04
Dungeons 3,2019,Strategy,Kalypso Media,0.03,0,0,0.01,0.04
Tour de France 2016,2016,Sports,Focus Home Interactive,0,0.03,0,0.01,0.04
Danganronpa Another Episode: Ultra Despair Girls,2019,Shooter,NIS America,0.03,0,0.01,0.01,0.04
Aegis of Earth: Protonovus Assault,2018,Action,PQube,0.03,0.01,0,0.01,0.04
Just Sing,2018,Music,Ubisoft,0.03,0,0,0.01,0.04
Wonder Boy: The Dragon's Trap (Remake),2020,Platform,Nicalis,0.03,0,0,0.01,0.04
Lumo,2018,Puzzle,Rising Star Games,0.03,0,0,0.01,0.04
ABZU,2019,Adventure,505 Games,0.03,0,0,0.01,0.04
Shadow Tactics: Blades of the Shogun,2019,Strategy,Kalypso Media,0.02,0.01,0,0.01,0.04
Darkest Dungeon,2020,Role-Playing,Merge Games,0.02,0,0.01,0.01,0.04
R.B.I. Baseball 2019,2019,Sports,MLB.com,0.03,0,0,0.01,0.04
Punch Line,2017,Adventure,5pb,0.03,0,0,0.01,0.04
VR Karts,2019,Racing,Perp Games,0.03,0,0,0.01,0.04
Resident Evil: Umbrella Corps,2018,Shooter,Capcom,0,0,0.04,0,0.04
Marvel Pinball: Epic Collection Volume 1,2018,Puzzle,Nighthawk Interactive,0.03,0,0,0.01,0.04
God Eater Off Shot: Lindow-hen Twin Pack & Animation Vol. 2,2017,Misc,Namco Bandai Games,0,0,0.04,0,0.04
Infamous: First Light,2016,Action,Sony Computer Entertainment,0,0.03,0,0,0.03
Raiden V,2019,Action,UFO Interactive,0.02,0,0,0.01,0.03
The Peanuts Movie: Snoopy's Grand Adventure,2017,Platform,Activision,0,0.03,0,0,0.03
The Dwarves,2018,Role-Playing,THQ Nordic,0.03,0,0,0.01,0.03
Dynasty Warriors: Eiketsuden,2018,Strategy,Tecmo Koei,0,0,0.03,0,0.03
Winning Post 8 2018,2018,Simulation,Tecmo Koei,0,0,0.03,0,0.03
Dragon's Dogma Online: Season 2,2018,Action,Capcom,0,0,0.03,0,0.03
Coven and Labyrinth of Refrain,2019,Action,Nippon Ichi Software,0.01,0,0.01,0,0.03
Super Dungeon Bros,2018,Action,Wired Productions,0.02,0,0,0.01,0.03
Blade Arcus from Shining EX,2017,Fighting,Sega,0,0,0.03,0,0.03
Troll and I,2019,Action,Maximum Games,0.02,0,0,0.01,0.03
The Pillars of the Earth,2019,Adventure,Kalypso Media,0.02,0,0,0.01,0.03
The Lost Child,2019,Action,Kadokawa Games,0.01,0,0.01,0,0.03
Romance of the Three Kingdoms 13 with Power-Up Kit,2019,Misc,Tecmo Koei,0,0,0.03,0,0.03
Koihime Enbu,2018,Fighting,Yeti,0,0,0.03,0,0.03
Road Rage,2019,Racing,Maximum Games,0.02,0,0,0.01,0.03
Winning Post 8 2019,2019,Misc,Tecmo Koei,0,0,0.03,0,0.03
Dino Dini's Kick Off Revival,2018,Sports,Avanquest,0,0.02,0,0,0.03
God Eater Off Shot:Shiou-hen Twin Pack & Animation Vol.5,2018,Misc,Namco Bandai Games,0,0,0.03,0,0.03
Tumblestone,2018,Puzzle,Nighthawk Interactive,0.02,0,0,0.01,0.03
Blackguards 2,2019,Strategy,Kalypso Media,0.02,0,0,0.01,0.03
Baja: Edge of Control HD,2019,Racing,THQ Nordic,0.02,0,0,0.01,0.03
Crows: Burning Edge,2018,Action,Namco Bandai Games,0,0,0.03,0,0.03
Geometry Wars 3: Dimensions Evolved,2018,Action,Activision,0.02,0,0,0.01,0.03
We Sing (2018),2018,Music,THQ Nordic,0.02,0,0,0.01,0.03
Shin Hayarigami 2,2018,Adventure,Nippon Ichi Software,0,0,0.03,0,0.03
The Town of Light,2019,Adventure,Wired Productions,0.02,0,0,0.01,0.03
OlliOlli: Epic Combo Edition,2018,Platform,Badland Studio,0.02,0,0,0.01,0.03
Naruto Shippuden Ultimate Ninja Storm 4: Road to Boruto,2019,Fighting,Namco Bandai Games,0,0,0.03,0,0.03
Ao no Kanata no Four Rhythm,2019,Visual Novel,Sprite,0,0,0.03,0,0.03
Zero Escape: Zero Time Dilemma,2019,Adventure,Aksys Games,0.02,0,0,0,0.03
AereA,2019,Role-Playing,Soedesco,0.02,0,0,0,0.03
Root Letter,2018,Visual Novel,PQube,0,0,0.03,0,0.03
ClaDun Sengoku,2019,Action,NIS America,0.02,0,0,0,0.03
The Girl and the Robot,2019,Misc,Soedesco,0.02,0,0,0,0.03
Omega Quintet,2016,Role-Playing,Compile Heart,0,0,0.02,0,0.03
Touhou Kobuto V: Burst Battle,2019,Shooter,NIS America,0.02,0,0,0,0.03
God Eater Off Shot: Soma Shikkuzaru-hen Twin Pack & Animation Vol.4,2018,Action,Namco Bandai Games,0,0,0.02,0,0.02
Rugby League Live 3,2017,Sports,Tru Blu Entertainment,0,0.02,0,0,0.02
Omega Labyrinth Z,2019,Role-Playing,D3Publisher,0,0,0.02,0,0.02
Lost Sphear,2019,Role-Playing,Square Enix,0,0,0.02,0,0.02
Superbeat: Xonic,2019,Music,PM Studios,0.02,0,0,0,0.02
Republique,2018,Action-Adventure,Gunho Online Entertainment,0,0.01,0.01,0,0.02
Super Stardust Ultra VR,2018,Shooter,Sony Interactive Entertainment,0,0.02,0,0,0.02
Redout,2019,Racing,505 Games,0.02,0,0,0,0.02
Resident Evil: Value Pack,2018,Action-Adventure,Capcom,0,0,0.02,0,0.02
God Eater Off Shot: Tachibana Sakuya-hen Twin Pack & Animation Vol.7,2018,Action,Namco Bandai Games,0,0,0.02,0,0.02
PaRappa the Rapper Remastered,2019,Music,Sony Interactive Entertainment,0,0,0.02,0,0.02
Earth's Dawn,2018,Action,Rising Star Games,0.02,0,0,0,0.02
Big Buck Hunter Arcade,2018,Shooter,GameMill Entertainment,0.02,0,0,0,0.02
Dungeons 2,2018,Role-Playing,Kalypso Media,0.02,0,0,0,0.02
Tricky Towers,2019,Puzzle,Soedesco,0.02,0,0,0,0.02
No Heroes Allowed! VR,2019,Strategy,Sony Interactive Entertainment,0,0,0.02,0,0.02
ArmaGallant: Decks of Destiny,2019,Strategy,Maximum Games,0.02,0,0,0,0.02
Carmageddon: Max Damage,2018,Action,Stainless Games,0.02,0,0,0,0.02
Armello,2020,Strategy,League of Geeks,0.02,0,0,0,0.02
Shaq-Fu: A Legend Reborn,2020,Action,Wired Productions,0.02,0,0,0,0.02
Patapon Remastered,2019,Music,Sony Interactive Entertainment,0,0,0.02,0,0.02
Monster Hunter Frontier Z: Beginner's Package,2018,Action,Capcom,0,0,0.02,0,0.02
Professional Farmer 2016,2017,Action,Namco Bandai Games,0,0.02,0,0,0.02
Natsuiro High School: Seishun Hakusho,2017,Action,D3Publisher,0,0,0.02,0,0.02
The Inner World: The Last Wind Monk,2019,Puzzle,Kalypso Media,0.02,0,0,0,0.02
SteamWorld Collection,2018,Misc,Rising Star Games,0.02,0,0,0,0.02
Konoyo no Hate de Koi o Utau Shoujo: Yu-No,2019,Visual Novel,5pb,0,0,0.02,0,0.02
God Eater Off Shot: Fujiki Kota-hen Twin Pack & Animation Vol.6,2018,Misc,Namco Bandai Games,0,0,0.02,0,0.02
Genkai Tokki: Castle Panzers,2019,Role-Playing,Compile Heart,0,0,0.02,0,0.02
Skullgirls: 2nd Encore,2018,Fighting,Arc System Works,0,0,0.02,0,0.02
This Is The Police,2019,Simulation,THQ Nordic,0.01,0,0,0,0.02
Rabbids Invasion: The Interactive TV Show,2016,Misc,Ubisoft,0,0.01,0,0,0.02
FlatOut 4: Total Insanity,2019,Racing,Bigben Interactive,0.01,0,0,0,0.02
Chaos;Child,2017,Visual Novel,PQube,0,0,0.02,0,0.02
Touhou Shinhiroku: Urban Legend in Limbo,2018,Fighting,Mediascape,0,0,0.02,0,0.02
Rogue Trooper: Redux,2019,Shooter,Rebellion,0.01,0,0,0,0.02
Space Hulk: Deathwing,2017,Shooter,Focus Home Interactive,0,0.01,0,0,0.02
Pharaonic,2019,Action,Soedesco,0.01,0,0,0,0.02
White Day,2019,Action,PQube,0,0.01,0.01,0,0.02
Torment: Tides of Numenera,2019,Role-Playing,Techland,0.01,0,0,0,0.01
Let It Die,2019,Action,GungHo,0,0.01,0.01,0,0.01
Summer Lesson: Miyamoto Hikari Collection,2019,Adventure,Namco Bandai Games,0,0,0.01,0,0.01
Raven's Cry,2017,Role-Playing,TopWare Interactive,0,0.01,0,0,0.01
New Game! The Challenge Stage!,2019,Adventure,5pb,0,0,0.01,0,0.01
Hakoniwa Company Works,2019,Strategy,Nippon Ichi Software,0,0,0.01,0,0.01
DJ Max Respect,2019,Misc,Arc System Works,0,0,0.01,0,0.01
Battle Worlds: Kronos,2018,Strategy,Nordic Games,0.01,0,0,0,0.01
Dragon's Dogma Online: Season 3,2019,Role-Playing,Capcom,0,0,0.01,0,0.01
Occultic;Nine,2019,Adventure,5pb,0,0,0.01,0,0.01
Kono Subarashii Sekai ni Shukufuku o! Kono Yokubukai Game ni Shinpan o!,2019,Adventure,5pb,0,0,0.01,0,0.01
Battle Garegga Rev.2018,2018,Strategy,M2,0,0,0.01,0,0.01
Yahari Game Demo Ore no Seishun Love-Kome wa Machigatteiru. & Zoku: Oatome Set,2019,Adventure,5pb,0,0,0.01,0,0.01
Farming 2017 - The Simulation,2018,Simulation,UIG Entertainment,0,0.01,0,0,0.01
Re:Zero - Kara Hajimeru Isekai Seikatsu - Death or Kiss,2019,Adventure,5pb,0,0,0.01,0,0.01
Zombie Vikings,2018,Action,Rising Star Games,0,0.01,0,0,0.01
ATV Renegades,2019,Racing,Nighthawk Interactive,0.01,0,0,0,0.01
Ziggurat,2018,Shooter,Soedesco,0,0.01,0,0,0.01
Chaos;Child: Love Chu Chu!!,2019,Visual Novel,5pb,0,0,0.01,0,0.01
Moto Racer 4,2018,Racing,PQube,0.01,0,0,0,0.01
LocoRoco Remastered,2019,Platform,Sony Interactive Entertainment,0,0,0.01,0,0.01
Lock's Quest,2019,Strategy,THQ Nordic,0.01,0,0,0,0.01
Gal Gun: Double Peace,2017,Action,PQube,0,0,0.01,0,0.01
Woodcutter Simulator 2016,2017,Action,Namco Bandai Games,0,0.01,0,0,0.01
Akiba's Trip 2+A,2019,Adventure,Acquire,0,0,0.01,0,0.01
Date-A-Live Twin Edition: Rio Reincarnation,2019,Adventure,Compile Heart,0,0,0.01,0,0.01
Valhalla Hills,2019,Strategy,Kalypso Media,0.01,0,0,0,0.01
Deception IV: Blood Ties,2017,Action,Tecmo Koei,0,0,0.01,0,0.01
One Piece: Unlimited World Red,2019,Action,Namco Bandai Games,0,0,0.01,0,0.01
Hyper Light Drifter,2019,Role-Playing,Active Gaming Media,0,0,0.01,0,0.01
Teslagrad,2016,Platform,Rain Games,0,0.01,0,0,0.01
Darius Burst: Chronicle Saviours,2019,Action,Kadokawa Games,0,0,0.01,0,0.01
The Escapists: The Walking Dead,2018,Action,Team17 Software,0,0,0,0,0.01
Super Meat Boy,2018,Platform,Team Meat,0,0,0,0,0.01
